timestamp,origin_asset,direction,magnitude_sigma,systemic_flag,event_id,index,systemic_confirmed_at,eligible,exclusion_reasons
2026-01-01T01:11:00Z,BNB,1,6.305310436550253,False,event_290afe2eb21f628c080b7be6340b7fcaee1e51cd74d685f24437deb4e21e0a48,70,2026-01-01T01:21:00Z,False,insufficient_history_256
2026-01-01T15:42:00Z,DOGE,1,7.6976866218185895,False,event_c548476cb601973b4a6ee92b8988659e3bc9dbe2a9831fbeb11820d5e78418c1,941,2026-01-01T15:52:00Z,True,
2026-01-01T17:31:00Z,BTC|ETH,1,8.79855281254032,False,event_940d9ef270ee77d6255abac35e570497d76319d4f6e7bceaf354e1168197a17d,1050,2026-01-01T17:41:00Z,True,
2026-01-01T18:36:00Z,AVAX,1,6.334481922519885,False,event_c1042672ac48f4bd8aab62eacb212f66cec0aa5455b73637d81f4792e69be1a9,1115,2026-01-01T18:46:00Z,True,
2026-01-01T19:41:00Z,ADA|AVAX,1,8.120946107611536,False,event_a1ba343af09021cd3a1bffce48ed543672d1dd860b2383dfe25b1601a74c2fcc,1180,2026-01-01T19:51:00Z,True,
2026-01-02T06:41:00Z,ETH,1,6.63321859935445,False,event_ead9c504e9e4bb4e280e20a91693e0661b0720bd6151594ce3508e4dca7eec0e,1840,2026-01-02T06:51:00Z,True,
2026-01-02T09:12:00Z,SOL,1,7.167073379465819,False,event_70d9b0c8191516b505bbb9783d1d711599d96a235bebec2917a339243b94be2e,1991,2026-01-02T09:22:00Z,True,
2026-01-02T09:45:00Z,DOGE,1,8.059252255981855,False,event_62e31884ae32f8173ebdd8d1d185f84f1beb3b6e1820111678afb546b722c812,2024,2026-01-02T09:55:00Z,True,
2026-01-02T14:39:00Z,DOGE,1,7.004976923709153,False,event_24c332fafa7a723e34cde608b73e1eef5d42faa6a7872eb91930b48e8bb119cf,2318,2026-01-02T14:49:00Z,True,
2026-01-02T22:05:00Z,SOL,1,6.1584519247870935,False,event_b5ac2bdac248e8e5274fe7ac3a7cb0993efb3b5af7dfa87433570875837ba141,2764,2026-01-02T22:15:00Z,True,
2026-01-03T12:47:00Z,BTC,1,8.407227975942824,False,event_91b85efe25cfc107080901654096cd10e6159880305ed977bb56b3c3f501f20a,3646,2026-01-03T12:57:00Z,True,
2026-01-03T16:03:00Z,DOGE,-1,6.525503046876296,False,event_f677c8f484ea7a20ddcf6a07dacf2fc0609739b90ae33d039bff98cb41730c05,3842,2026-01-03T16:13:00Z,True,
2026-01-03T21:33:00Z,BTC,1,6.489004796581584,False,event_c997f81cddd5387cc0f23b4d8d2277250c35071059c5e04da8bd11384ac6c42a,4172,2026-01-03T21:43:00Z,True,
2026-01-04T00:06:00Z,BTC|SOL|ADA,1,7.939798016148831,True,event_dcadaf5652673b04fb309058780d24a939ee67c8ee7c144817ae61fc27e553f5,4325,2026-01-04T00:16:00Z,True,
2026-01-04T12:24:00Z,XRP,1,6.425619180742779,False,event_a9ebd64f24ba07b3704dc4d0617a4a0f0d1b61d80d8d35a27fa31b1d7a9c5416,5063,2026-01-04T12:34:00Z,True,
2026-01-04T16:02:00Z,BNB,1,6.523623909285774,False,event_66080073b3b1cb6900d83c75d3de722701b0eacbe6276be499d28af39eae395b,5281,2026-01-04T16:12:00Z,True,
2026-01-04T19:06:00Z,DOGE,-1,13.144406844171325,False,event_92060d726588c4ff374e54a764dc6051901dae4e2ff592a25a8ecc16714d571f,5465,2026-01-04T19:16:00Z,True,
2026-01-04T21:14:00Z,AVAX,1,6.614579360684781,False,event_147b00e5f21da112267063a6522d4214bafa5555c0560760fcd8910a5b67bd95,5593,2026-01-04T21:24:00Z,True,
2026-01-04T22:16:00Z,BNB,-1,6.377538155893317,False,event_6c2d42e7326704ec735ca58b9f8e5990dddc4450c7840a5290c3a0262dde927c,5655,2026-01-04T22:26:00Z,True,
2026-01-05T04:28:00Z,BNB,-1,6.439605096684842,False,event_4a72366689fc4ca7faf8c34b11ef01f48735b1076f537deaf78c01b22a12a3e1,6027,2026-01-05T04:38:00Z,True,
2026-01-06T14:08:00Z,ETH,1,6.459788233828643,False,event_71fb9b5247dae38baae285dd081f48e4b63e00ef220ebfb316c3a76ef2f4b6e6,8047,2026-01-06T14:18:00Z,True,
2026-01-06T17:49:00Z,AVAX,-1,6.292224772920346,False,event_cc92f5f4022942d5e697deaedbff943904794d6bee5c545ad94050748f41da02,8268,2026-01-06T17:59:00Z,True,
2026-01-06T21:14:00Z,BTC|SOL,1,6.340965315848223,True,event_71fa5e5ea8d864cf5558047818ab59955ed5050ffd18d38b5c47669067a9b6dd,8473,2026-01-06T21:24:00Z,True,
2026-01-07T08:01:00Z,DOGE,1,8.097130697551338,False,event_c1394950a60bde55105165a00c13595075de873e190c76e74af8b6af296ac5bd,9120,2026-01-07T08:11:00Z,True,
2026-01-07T13:00:00Z,AVAX,-1,8.506097943811938,False,event_cdc1d4cf4e35cb5900ad459e746f8d07982acf90bc7a2299d8f9a211ed9b57f5,9419,2026-01-07T13:10:00Z,True,
2026-01-07T14:37:00Z,DOGE,1,7.075392303666047,False,event_d1b7aade1366eec0fcbd4c83ec5e1592de0e367e0368223d6cd5a41d94743633,9516,2026-01-07T14:47:00Z,True,
2026-01-07T18:31:00Z,ETH,1,6.078249792889183,False,event_41f13ab765e35e826247616ce1bb4207da3ac6934b9fb8504ff6a6823d2e0d9d,9750,2026-01-07T18:41:00Z,True,
2026-01-08T06:06:00Z,BTC|DOGE,-1,6.71654570086406,False,event_cad3ea1e0b37d18a2ec45fb3be11659e64dc65e7619e626c98f59e3e0fec4df1,10445,2026-01-08T06:16:00Z,True,
2026-01-08T11:21:00Z,DOGE,-1,8.645721740971284,False,event_a0a6776fd1ebfe7a70339325c287c6b968e656dbe67e757ef81684199cf108ea,10760,2026-01-08T11:31:00Z,True,
2026-01-09T01:30:00Z,ETH,1,8.173360028147371,False,event_e0e2a84c6ffc0c6fd1121cd105754e366b4505e3c0a50d97a7c760046734a3d5,11609,2026-01-09T01:40:00Z,True,
2026-01-09T08:49:00Z,XRP,-1,6.3219248180777,False,event_369bd05f170538180a0a2d81bddbacb48ac826325a408e9f781d4da42c505615,12048,2026-01-09T08:59:00Z,True,
2026-01-10T09:48:00Z,ETH,1,7.063718751071944,False,event_b7c102e00af846376d1b36e001b0c2a4eb8c9e9fbe293559aae94d5a3afcd0b3,13547,2026-01-10T09:58:00Z,True,
2026-01-10T14:44:00Z,LTC,-1,7.622111310982623,False,event_6815f3fd7c502760202238bb7c21f3deeef1a31b70c7b7212c8be9219c78f20a,13843,2026-01-10T14:54:00Z,True,
2026-01-11T06:20:00Z,ETH,-1,6.433396180954694,False,event_e50b28d12389c40646d4fa5e85b958ee35e3bf0a955b8e0a73e4016bcea44ee1,14779,2026-01-11T06:30:00Z,True,
2026-01-11T08:57:00Z,ETH,1,6.527093839183808,False,event_5318ccfe84bcb2cf7b460630af5a7ec1ead660ac55fd8a27fe01527a024dd34d,14936,2026-01-11T09:07:00Z,True,
2026-01-11T12:47:00Z,DOGE|ADA,1,7.1489514102144724,False,event_dc652996b19e2a3c7bc991374d6b1b19c7dd60871fb1f222b6259c228e4f7b04,15166,2026-01-11T12:57:00Z,True,
2026-01-11T14:56:00Z,SOL,1,7.197294607534213,False,event_f0c900c9e15f7028dff6f22937a770c6b41573aba7baafb88174e9a861b61580,15295,2026-01-11T15:06:00Z,True,
2026-01-11T16:32:00Z,ETH,1,6.608258347858023,False,event_327d884b042a4aa197292fbc10e1c4a44f3b981ffd86363a0c6ada27d6d961c3,15391,2026-01-11T16:42:00Z,True,
2026-01-11T20:06:00Z,XRP,-1,6.888580938380631,False,event_f595a64fc07b96d382d8cd663367b3748f7acdf3cd9ce67dab26e5a2326ab8aa,15605,2026-01-11T20:16:00Z,True,
2026-01-12T12:57:00Z,LTC,-1,8.041171457745103,False,event_27630926bc608876345fa925798457c306357a089fa6249995ccf69d1ab8750b,16616,2026-01-12T13:07:00Z,True,
2026-01-13T13:33:00Z,BTC|ETH|SOL|XRP|DOGE|ADA,1,7.703928896317046,True,event_a2251645514c7ec05a720ae8b242c7db02d04c76da09f7ebf4cdbef37bdb8132,18092,2026-01-13T13:43:00Z,True,
2026-01-13T22:08:00Z,ETH,1,6.775609154334895,True,event_396167670e3132db1a3ced574f9778acfd0d498f6a11bd084cc6277dde334f72,18607,2026-01-13T22:18:00Z,True,
2026-01-14T04:12:00Z,BNB,-1,6.05492454767043,False,event_aae6fde7106efd4d7b25f148b75ad4417876f267314e146ea979c0553c3194cb,18971,2026-01-14T04:22:00Z,True,
2026-01-14T10:23:00Z,ETH,-1,6.161375586934521,False,event_37972e3ec22186a6b3afae80c6d33c76c2b2241c83219be8d9c9581fc432c00a,19342,2026-01-14T10:33:00Z,True,
2026-01-15T03:28:00Z,LTC,-1,6.931971378582498,False,event_8d0946c50be0e0aaca218a2fcb6ab57003ad982876e874925b4cf58456895bb7,20367,2026-01-15T03:38:00Z,True,
2026-01-15T15:48:00Z,LTC,-1,6.620660408025788,False,event_a02709483a29cb0251d58c2c668677f8d1e88a1d993745acafd2ecad582b9a0c,21107,2026-01-15T15:58:00Z,True,
2026-01-17T14:33:00Z,LTC,1,6.713491018075734,False,event_8d4fc2530809f5e0c33142fd92412aca4c65843e1485ca4d73f7197f1e96fc76,23912,2026-01-17T14:43:00Z,True,
2026-01-17T15:54:00Z,BNB,1,10.511946318355395,False,event_eaeca627b63df9364a468bfee848b1edf730e3c28114813d5ea3ff996c86a4fc,23993,2026-01-17T16:04:00Z,True,
2026-01-17T22:39:00Z,ETH,-1,6.840864855003989,False,event_0220a4860ee7e507fc48b72ee440b7f34e5eae98f4146723e9a281a312f8a40a,24398,2026-01-17T22:49:00Z,True,
2026-01-18T10:05:00Z,BTC,-1,6.382157118760122,False,event_ba2c6810ea3e306fe6580057d2aac21209d00a13c76cf760368585b4d2aaa7ac,25084,2026-01-18T10:15:00Z,True,
2026-01-18T18:29:00Z,ETH,1,7.322298233118897,False,event_1654ebde447fff32b8896b604adc1cc49d73285b4706d156ed49a61a3f207b48,25588,2026-01-18T18:39:00Z,True,
2026-01-18T23:04:00Z,BTC|LINK,-1,7.4829575587412105,True,event_63ebb514067b74978b271ce4aa1fb15b4caaef9bf9ae50b160f7d77745651cd9,25863,2026-01-18T23:14:00Z,True,
2026-01-19T00:01:00Z,SOL|XRP|DOGE|ADA|AVAX|LINK|LTC,-1,8.846204697227407,True,event_3942a939122ea25b490ab87b2ab72ce4ea6837a42e3555a1448e89c9cb34f3a2,25920,2026-01-19T00:11:00Z,True,
2026-01-19T08:21:00Z,BTC|XRP|AVAX,1,6.946761938628151,True,event_56f91a9b7f74279a89bf7129e65118ad3e18998881a60be7a902fd93217f4760,26420,2026-01-19T08:31:00Z,True,
2026-01-19T22:14:00Z,ETH,-1,6.874771850235656,False,event_9450b40f521cc9ccc57291792b30c18b635ceed68ea03c0f34672ab2488a6faa,27253,2026-01-19T22:24:00Z,True,
2026-01-19T22:34:00Z,SOL,-1,7.0787304292296795,False,event_b6c07f9f46496e105b32c0435ea83dd97728f472e055054cd6029984844ad2b5,27273,2026-01-19T22:44:00Z,True,
2026-01-20T06:18:00Z,ETH,-1,9.533561725152211,False,event_73aee6298d30b7e0b08eb41ea6407b121c7cc3b3037bd33065c8e28f96941cde,27737,2026-01-20T06:28:00Z,True,
2026-01-20T08:14:00Z,ETH|SOL|DOGE|ADA,-1,7.574229989890783,True,event_752c96935cbcc0f6ecb9bffb54e2c4d8d4be6da6e4785b72369939b4cd85d5e8,27853,2026-01-20T08:24:00Z,True,
2026-01-20T22:34:00Z,BTC|ETH|SOL|BNB|XRP|DOGE|ADA|AVAX|LINK|LTC,-1,22.28603226540778,True,event_6235cb6ca7324ceb68c1fdab1e3b7a3c0234705b57a0de4c88bfc45d9aacac79,28713,2026-01-20T22:44:00Z,True,
2026-01-21T11:58:00Z,DOGE,-1,6.816689475523351,False,event_ad947e6f8930706ff4e37cd28b799c6ced3d358d775f8014e4a1bee199e19cb1,29517,2026-01-21T12:08:00Z,True,
2026-01-21T19:29:00Z,BTC|ETH|SOL|ADA,1,7.560271123801123,True,event_32fd762d568ac0dd94d5f0c77b63101e9ff7304e3f06d3f63512aded5d0badc5,29968,2026-01-21T19:39:00Z,True,
2026-01-22T13:34:00Z,BTC,-1,6.598974685709781,False,event_ceaad5368cb3f9e3886c50b1f6b3edf09a8205ff1737684a1ee5e169bde38136,31053,2026-01-22T13:44:00Z,True,
2026-01-23T14:33:00Z,SOL|DOGE,-1,6.768354784393045,True,event_f9adea0ee78429e9d6ebf7087f6e110914d3e6b2820fa16df458feadeddad637,32552,2026-01-23T14:43:00Z,True,
2026-01-24T14:00:00Z,BTC|ETH|BNB|DOGE|ADA,-1,28.905175137364168,True,event_f4b3b033e73959b6f139f154d80dc9e35bac6f882b0a3ff2909be958accc0e8b,33959,2026-01-24T14:10:00Z,True,
2026-01-24T22:14:00Z,SOL|XRP,1,9.40458607830502,False,event_2b95a5aecb59137bc1865283589ca2ce1b6fd83cf0200db29a29de42959d9dbf,34453,2026-01-24T22:24:00Z,True,
2026-01-25T03:17:00Z,ETH,-1,6.008346363020035,False,event_b7b39f5db914265be02b04d2e9ebcb6ff006a66287f41ca7f2602f200cf1acc5,34756,2026-01-25T03:27:00Z,True,
2026-01-25T08:39:00Z,BTC|ETH,-1,8.226412138845074,False,event_4dd7dd56690249e176dd2d13f554d3f0d0a9c8012fc898cb3d0fc7af541c8c02,35078,2026-01-25T08:49:00Z,True,
2026-01-25T10:11:00Z,LTC,1,6.227713903083696,False,event_66820227e96df4b792ba552ab85b32d2109efae0b6f7a3547f22ccd98640e8f0,35170,2026-01-25T10:21:00Z,True,
2026-01-25T16:02:00Z,SOL,-1,6.335332459468394,True,event_d698ed544dad96ae1e64c4194a96837d456676c91f93dca339cc409b517eb6ab,35521,2026-01-25T16:12:00Z,True,
2026-01-25T16:17:00Z,LINK|LTC,-1,6.258617915494224,False,event_c3d3d101b8ea7eca2d0c189cf9056db24ec1489bcb3b2eca780d58a13e65cf7e,35536,2026-01-25T16:27:00Z,True,
2026-01-26T14:11:00Z,ETH,-1,7.027480762845842,False,event_6a570762df2b2f24d2b1f3de87929c650e8b46d999d698a16eadfc9e0b06a985,36850,2026-01-26T14:21:00Z,True,
2026-01-26T14:36:00Z,BTC|DOGE|ADA|AVAX|LINK|LTC,1,8.83625741795347,True,event_b3143d0265fdf7e0003f564c6ee3f1800e5cb77a249383651595aaaff4b020c5,36875,2026-01-26T14:46:00Z,True,
2026-01-27T16:08:00Z,DOGE,1,7.37431932916195,False,event_1700e9907d7f71c5694d4092057ff1718e4db9b25936f6017939ed1a9e8975f6,38407,2026-01-27T16:18:00Z,True,
2026-01-27T20:21:00Z,ADA,1,7.40526044936347,False,event_f78c9db3411a7ffe8b9daca2820c45cf88e812483b0a1490778ed5b4e364cba3,38660,2026-01-27T20:31:00Z,True,
2026-01-29T02:32:00Z,ETH|BNB|XRP|DOGE|ADA|AVAX|LINK|LTC,-1,7.339217328114698,True,event_d8242aafc1fc855a2e6fa3e627bab5444b042dbac7eec5b6f61ac9cbd619d500,40471,2026-01-29T02:42:00Z,True,
2026-01-29T10:01:00Z,BNB,-1,6.063038309180606,False,event_ae50c3708097b0ffc016d3fd0245f37b152bd1cee62c71bc5b28e8a1261c9c52,40920,2026-01-29T10:11:00Z,True,
2026-01-29T14:30:00Z,XRP,-1,10.267013791930223,False,event_e9eb63ea366d5170256e556f44ecfec272bb99d8bc22b23512fdca356d711149,41189,2026-01-29T14:40:00Z,True,
2026-01-30T01:42:00Z,BTC|ETH|XRP|LTC,-1,8.114131188988274,True,event_a45ab0dc6413874a824daf46a3e6b1f4d3c34d216083d7e767e9b5ece9366111,41861,2026-01-30T01:52:00Z,True,
2026-01-30T11:53:00Z,DOGE,1,7.068300035188231,True,event_788cff57a09966d9113eceaf182158a8a04068234c2e26afbb69d4c3aa6d52a4,42472,2026-01-30T12:03:00Z,True,
2026-01-30T13:01:00Z,BNB,1,8.331339906247946,False,event_c4957323ffacdb5a914bd20a0322d8865f2836f82ca789ab748a9b39a75f0723,42540,2026-01-30T13:11:00Z,True,
2026-01-31T12:14:00Z,BTC,-1,6.065982841875283,False,event_9e71a23e7fa0ec59d4fbebe71859f867e974840ca27f59f6b882ea652150d48c,43933,2026-01-31T12:24:00Z,True,
2026-01-31T14:27:00Z,ETH|DOGE|ADA|AVAX|LINK|LTC,-1,8.75575935406626,True,event_83dd7b09de83c35f24e4c18e4bbfea1175fc8dbf25a0437eac5d02d7ddc8762d,44066,2026-01-31T14:37:00Z,True,
2026-01-31T17:12:00Z,ETH|SOL|XRP|DOGE|ADA|AVAX|LINK|LTC,-1,9.613217793792437,True,event_6bca91064f7304f07c7df268d439b5c4d0787d301821c89d72fa41981f7a559d,44231,2026-01-31T17:22:00Z,True,
2026-01-31T18:44:00Z,BTC|ETH|SOL|BNB|XRP|DOGE|ADA|AVAX|LINK|LTC,-1,12.562635831930399,True,event_74f73b14dd8342f45a4d4a1e8d2d36dfa8e7012299fa28ef619b83f941c126e8,44323,2026-01-31T18:54:00Z,True,
2026-01-31T23:24:00Z,ETH,1,6.070025713091506,False,event_b3bace4e1a5ff089c7026cf300cde2bd0ef3b1edf1e6e629a75fad16ced2b2f1,44603,2026-01-31T23:34:00Z,True,
