source,target,count,mean_delay_minutes,median_target_magnitude_sigma,source_event_count,followup_rate
BTC,BTC,0,,,19,
BTC,ETH,3,1.3333333333333333,7.012637930621177,19,0.15789473684210525
BTC,SOL,2,1,9.832084938882128,19,0.10526315789473684
BTC,BNB,4,1.25,6.976297213675051,19,0.21052631578947367
BTC,XRP,2,1,6.8594903511285015,19,0.10526315789473684
BTC,DOGE,3,1.3333333333333333,8.2417368925895,19,0.15789473684210525
BTC,ADA,3,1.3333333333333333,6.925421872980918,19,0.15789473684210525
BTC,AVAX,2,2.5,12.164221049188306,19,0.10526315789473684
BTC,LINK,2,2,8.115003921612036,19,0.10526315789473684
BTC,LTC,4,1.25,6.511606972690783,19,0.21052631578947367
ETH,BTC,2,13,6.781894433662021,29,0.06896551724137931
ETH,ETH,0,,,29,
ETH,SOL,4,5.75,8.845579535167616,29,0.13793103448275862
ETH,BNB,2,1,7.679874407702716,29,0.06896551724137931
ETH,XRP,1,2,6.973555368869975,29,0.034482758620689655
ETH,DOGE,3,9,8.83625741795347,29,0.10344827586206896
ETH,ADA,3,9,8.445073819301783,29,0.10344827586206896
ETH,AVAX,3,9.333333333333334,9.78553648301178,29,0.10344827586206896
ETH,LINK,3,9,8.052959541797456,29,0.10344827586206896
ETH,LTC,3,9.666666666666666,7.227957399743039,29,0.10344827586206896
SOL,BTC,2,2,6.632838781655352,16,0.125
SOL,ETH,3,2,7.012637930621177,16,0.1875
SOL,SOL,0,,,16,
SOL,BNB,3,1.3333333333333333,7.367475647480302,16,0.1875
SOL,XRP,2,1.5,8.255744855330423,16,0.125
SOL,DOGE,1,2,7.283019969319705,16,0.0625
SOL,ADA,1,2,6.925421872980918,16,0.0625
SOL,AVAX,2,2.5,9.198952064562022,16,0.125
SOL,LINK,2,9,6.134791291929866,16,0.125
SOL,LTC,4,4.75,6.09843151212181,16,0.25
BNB,BTC,0,,,11,0.0
BNB,ETH,0,,,11,0.0
BNB,SOL,1,1,6.027449342639456,11,0.09090909090909091
BNB,BNB,0,,,11,
BNB,XRP,0,,,11,0.0
BNB,DOGE,1,2,7.405633206897418,11,0.09090909090909091
BNB,ADA,0,,,11,0.0
BNB,AVAX,0,,,11,0.0
BNB,LINK,0,,,11,0.0
BNB,LTC,1,1,6.159494409856136,11,0.09090909090909091
XRP,BTC,1,2,6.84405979260024,13,0.07692307692307693
XRP,ETH,0,,,13,0.0
XRP,SOL,1,1,13.6367205351248,13,0.07692307692307693
XRP,BNB,2,1,8.50514561719418,13,0.15384615384615385
XRP,XRP,0,,,13,
XRP,DOGE,1,1,11.869977315184903,13,0.07692307692307693
XRP,ADA,1,1,11.129863073054885,13,0.07692307692307693
XRP,AVAX,1,1,12.109155062152071,13,0.07692307692307693
XRP,LINK,1,1,10.219043174858566,13,0.07692307692307693
XRP,LTC,0,,,13,0.0
DOGE,BTC,2,2,6.632838781655352,24,0.08333333333333333
DOGE,ETH,1,1,6.507944071312986,24,0.041666666666666664
DOGE,SOL,2,1.5,6.57802882813866,24,0.08333333333333333
DOGE,BNB,1,1,8.293368230927332,24,0.041666666666666664
DOGE,XRP,2,3.5,7.028296977904299,24,0.08333333333333333
DOGE,DOGE,0,,,24,
DOGE,ADA,1,2,8.093458605775728,24,0.041666666666666664
DOGE,AVAX,1,2,6.943244524927595,24,0.041666666666666664
DOGE,LINK,1,2,7.823330621732423,24,0.041666666666666664
DOGE,LTC,2,1.5,6.918656317615518,24,0.08333333333333333
ADA,BTC,1,2,6.84405979260024,15,0.06666666666666667
ADA,ETH,1,1,7.304435922310107,15,0.06666666666666667
ADA,SOL,1,1,6.027449342639456,15,0.06666666666666667
ADA,BNB,2,1,7.830421939203816,15,0.13333333333333333
ADA,XRP,1,1,6.794534167552446,15,0.06666666666666667
ADA,DOGE,0,,,15,0.0
ADA,ADA,0,,,15,
ADA,AVAX,0,,,15,0.0
ADA,LINK,0,,,15,0.0
ADA,LTC,2,1,6.568182707538085,15,0.13333333333333333
AVAX,BTC,1,2,6.84405979260024,13,0.07692307692307693
AVAX,ETH,0,,,13,0.0
AVAX,SOL,0,,,13,0.0
AVAX,BNB,1,1,8.293368230927332,13,0.07692307692307693
AVAX,XRP,0,,,13,0.0
AVAX,DOGE,0,,,13,0.0
AVAX,ADA,0,,,13,0.0
AVAX,AVAX,0,,,13,
AVAX,LINK,0,,,13,0.0
AVAX,LTC,0,,,13,0.0
LINK,BTC,1,2,6.84405979260024,9,0.1111111111111111
LINK,ETH,1,1,6.838500766935206,9,0.1111111111111111
LINK,SOL,0,,,9,0.0
LINK,BNB,2,1,7.439243505398565,9,0.2222222222222222
LINK,XRP,1,1,6.924446534704558,9,0.1111111111111111
LINK,DOGE,1,1,8.2417368925895,9,0.1111111111111111
LINK,ADA,1,1,6.118962644002497,9,0.1111111111111111
LINK,AVAX,0,,,9,0.0
LINK,LINK,0,,,9,
LINK,LTC,1,1,6.863719535525429,9,0.1111111111111111
LTC,BTC,1,2,6.84405979260024,15,0.06666666666666667
LTC,ETH,0,,,15,0.0
LTC,SOL,1,1,13.6367205351248,15,0.06666666666666667
LTC,BNB,2,1,8.50514561719418,15,0.13333333333333333
LTC,XRP,0,,,15,0.0
LTC,DOGE,1,1,11.869977315184903,15,0.06666666666666667
LTC,ADA,1,1,11.129863073054885,15,0.06666666666666667
LTC,AVAX,2,2.5,9.317744356836249,15,0.13333333333333333
LTC,LINK,1,1,10.219043174858566,15,0.06666666666666667
LTC,LTC,0,,,15,
